p, alice, home/A/Output/bool/Roller_Shades_1_(Down), write
p, alice, home/A/Output/bool/Roller_Shades_1_(Up), write
p, bob, /home/A/Output/float/Heater_(Analog), read
p, bob, /home/A/Output/float/Lights_(Analog), write

p, EnactConsumer, BlindPositionActuator, write
g, EnactConsumer5496, EnactConsumer

p, Heater_admin, /home/A/Output/float/Heater_(Analog), read
p, Heater_admin, /home/A/Output/float/Heater_(Analog), write

g, UserComfortApp, Heater_admin

p, Lights_admin, /home/A/Output/float/Lights_(Analog), read
p, Lights_admin, /home/A/Output/float/Lights_(Analog), write

g, UserComfortApp, Lights_admin

p, Roller_Shades_1_admin, home/A/Output/bool/Roller_Shades_1_(Up), read
p, Roller_Shades_1_admin, home/A/Output/bool/Roller_Shades_1_(Up), write
p, Roller_Shades_1_admin, home/A/Output/bool/Roller_Shades_1_(Down), read
p, Roller_Shades_1_admin, home/A/Output/bool/Roller_Shades_1_(Down), write

g, SmartEnergyApp, Roller_Shades_1_admin