p, BlindPositionActuator_W, BlindPositionActuator, write
g, EnactConsumer, BlindPositionActuator_W
g, UserComfortApp, BlindPositionActuator_W

p, BlindPositionActuator_R, BlindPositionActuator, read
g, SmartEnergyApp, BlindPositionActuator_R
g, EnactConsumer, BlindPositionActuator_R
g, UserComfortApp, BlindPositionActuator_R

p, Heater_admin, /home/A/Output/float/Heater_(Analog), read
p, Heater_admin, /home/A/Output/float/Heater_(Analog), write

g, UserComfortApp, Heater_admin

p, Lights_admin, /home/A/Output/float/Lights_(Analog), read
p, Lights_admin, /home/A/Output/float/Lights_(Analog), write

g, UserComfortApp, Lights_admin

p, Roller_Shades_1_admin, home/A/Output/bool/Roller_Shades_1_(Up), read
p, Roller_Shades_1_admin, home/A/Output/bool/Roller_Shades_1_(Up), write
p, Roller_Shades_1_admin, home/A/Output/bool/Roller_Shades_1_(Down), read
p, Roller_Shades_1_admin, home/A/Output/bool/Roller_Shades_1_(Down), write

g, SmartEnergyApp, Roller_Shades_1_admin